timestamp,plate,status
2026-04-19 18:32:40,UP78HE3137,UNKNOWN
2026-04-19 18:32:52,UP78FP7627,UNKNOWN
2026-04-19 18:33:14,OD78HY6050,UNKNOWN
2026-04-19 18:33:28,UP78H95531,UNKNOWN
2026-04-19 18:33:49,UP08EC9470,UNKNOWN
2026-04-19 18:35:07,UP78HE3137,UNKNOWN
2026-04-19 18:35:18,UP78FP7627,UNKNOWN
2026-04-19 19:30:02,UP78HE3137,UNKNOWN
2026-04-19 19:30:11,UP78FP7627,UNKNOWN
2026-04-19 19:32:29,UP78H95531,UNKNOWN
2026-04-19 19:32:56,UP08EC9470,UNKNOWN
2026-04-19 19:33:21,UP78CZ4000,UNKNOWN
2026-04-19 19:40:19,UP78HE3137,UNKNOWN
2026-04-19 19:40:31,UP78FP7627,UNKNOWN
2026-04-19 19:40:54,OD78HY6050,UNKNOWN
2026-04-19 19:41:07,UP78H95531,UNKNOWN
2026-04-19 19:41:39,UP08EC9470,UNKNOWN
2026-04-19 19:41:55,UP78CZ4000,UNKNOWN
2026-04-19 19:46:50,UP78HE3137,UNKNOWN
2026-04-19 19:47:02,UP78FP7627,UNKNOWN
2026-04-19 19:47:28,OD78HY6050,UNKNOWN
2026-04-19 19:47:43,UP78H95531,UNKNOWN
2026-04-19 19:48:09,UP18HE3331,UNKNOWN
2026-04-19 19:50:08,UP08EC9470,UNKNOWN
2026-04-19 19:50:43,UP78CZ4000,UNKNOWN
2026-04-19 19:52:52,OD78UV3337,UNKNOWN
2026-04-19 19:54:17,UP06CR1765,UNKNOWN
2026-04-19 19:56:31,UP79I97512,UNKNOWN
2026-04-19 19:56:42,OD25263649,UNKNOWN
2026-04-19 20:04:01,UP78HE3137,UNKNOWN
2026-04-19 20:04:10,UP18HE3331,UNKNOWN
2026-04-19 20:10:59,UP78HE3137,UNKNOWN
2026-04-19 20:11:24,UP78FP7627,UNKNOWN
2026-04-19 22:04:56,UP78HE3137,UNKNOWN
2026-04-19 22:07:12,UP78HE3137,UNKNOWN
2026-04-19 22:07:24,UP78FP7627,UNKNOWN
2026-04-19 22:07:39,OD78HY6050,UNKNOWN
2026-04-19 22:14:47,UP78HE3137,UNKNOWN
2026-04-19 22:14:58,UP78FP7627,UNKNOWN
2026-04-19 22:15:36,UP78HE3137,UNKNOWN
2026-04-19 22:15:41,UP78FP7627,UNKNOWN
2026-04-19 22:16:33,UP78HE3137,UNKNOWN
2026-04-19 22:16:45,UP78FP7627,UNKNOWN
2026-04-19 22:17:05,OD78HY6050,UNKNOWN
2026-04-19 22:17:12,UP78H95531,UNKNOWN
2026-04-19 22:17:33,UP08EC9470,UNKNOWN
2026-04-19 22:17:51,UP78CZ4000,UNKNOWN
2026-04-20 11:16:13,UP78HE3137,UNKNOWN
2026-04-20 11:16:25,UP78FP7627,UNKNOWN
2026-04-20 20:59:48,UP78HE3137,UNKNOWN
2026-04-20 21:02:22,UP78HE3137,UNKNOWN
2026-04-21 13:23:32,UP78HE3137,UNKNOWN
2026-04-21 20:47:39,UP78HE3137,UNKNOWN
2026-04-21 21:13:54,UP78HE3137,UNKNOWN
2026-04-22 10:56:31,UP78HE3137,UNKNOWN
2026-04-22 11:10:14,UP78HE3137,UNKNOWN
2026-04-22 11:10:33,UP78FP7627,UNKNOWN
2026-04-22 11:10:53,OD78HY6050,UNKNOWN
2026-04-22 11:11:43,UP78HE3137,UNKNOWN
2026-04-22 11:25:17,UP78HE3137,UNKNOWN
2026-04-22 11:28:11,UP78FP7627,UNKNOWN
2026-04-22 11:29:03,OD78HY6050,UNKNOWN
2026-04-22 11:29:32,UP78H95531,UNKNOWN
2026-04-22 11:30:00,UP08EC9470,UNKNOWN
2026-04-22 11:30:15,UP78CZ4000,UNKNOWN
2026-04-22 11:47:32,UP78CZ4000,UNKNOWN
2026-04-22 20:46:44,UP78H95531,UNKNOWN
2026-04-22 20:47:08,OD78HY6050,UNKNOWN
2026-04-23 11:57:16,OD78HY6050,UNKNOWN
2026-04-23 11:57:31,UP78H95531,UNKNOWN
2026-04-23 11:58:08,UP08EC9470,UNKNOWN
2026-04-23 11:58:36,UP78CZ4000,UNKNOWN
2026-04-23 12:00:22,OD78UV3337,UNKNOWN
2026-04-23 12:01:33,UP06CR1765,UNKNOWN
2026-04-23 12:03:56,UP79I97512,UNKNOWN
2026-04-23 12:04:08,OD25263649,UNKNOWN
2026-04-23 12:04:42,UP78ES9080,UNKNOWN
2026-04-23 12:04:52,UP08Q72577,UNKNOWN
2026-04-23 12:06:05,UP07BQ8099,UNKNOWN
2026-04-23 12:06:09,UP7AHZ8845,UNKNOWN
2026-04-24 14:44:00,UP08EC9470,BLACKLIST (Suspicious)
2026-04-24 14:44:35,UP78CZ4000,WHITELIST (VIP)
2026-04-24 14:46:16,OD78UV3337,WHITELIST (Staff)
2026-04-24 14:47:06,UP06CR1765,UNKNOWN
2026-04-24 14:47:55,UP78HE3137,UNKNOWN
2026-04-24 14:49:13,OD78HY6050,WHITELIST (VIP)
2026-04-24 14:49:29,UP78H95531,WHITELIST (Resident)
2026-04-24 14:53:00,OD78HY6050,VIP
2026-04-24 14:53:13,UP78H95531,Resident
2026-04-24 14:53:32,UP08EC9470,BLACKLIST (Suspicious)
2026-04-24 14:53:48,UP78CZ4000,VIP
2026-04-24 14:55:22,UP78FP7627,UNKNOWN
2026-04-24 15:00:50,UP78HE3137,UNKNOWN
2026-04-24 15:01:01,UP78FP7627,UNKNOWN
2026-04-24 15:07:56,OD78HY6050,VIP
2026-04-24 15:08:07,UP78H95531,Resident
2026-04-24 15:08:28,UP08EC9470,BLACKLIST (Suspicious)
2026-04-24 15:08:43,UP78CZ4000,VIP
2026-04-24 15:11:03,UP78HE3137,UNKNOWN
2026-04-24 15:11:14,UP78FP7627,UNKNOWN
2026-04-24 15:12:00,OD78HY6050,VIP
2026-04-24 15:12:11,UP78H95531,Resident
2026-04-24 15:12:37,UP08EC9470,BLACKLIST (Suspicious)
2026-04-24 15:13:06,UP78CZ4000,VIP
2026-04-24 15:14:40,OD78UV3337,Staff
2026-04-24 15:51:11,UP78HE3137,UNKNOWN
2026-04-24 15:51:25,UP78FP7627,UNKNOWN
2026-04-24 15:51:48,OD78HY6050,VIP
2026-04-24 15:51:55,UP78H95531,Resident
2026-04-24 15:52:23,UP08EC9470,BLACKLIST (Suspicious)
2026-04-24 15:52:43,UP78CZ4000,VIP
2026-04-24 15:54:10,UP78HE3137,UNKNOWN
2026-04-24 15:54:22,UP78FP7627,UNKNOWN
2026-04-24 15:54:45,OD78HY6050,VIP
2026-04-24 15:54:57,UP78H95531,Resident
2026-04-24 15:55:44,UP08EC9470,BLACKLIST (Suspicious)
2026-04-24 15:56:22,UP78CZ4000,VIP
2026-04-24 15:57:53,OD78UV3337,Staff
2026-04-24 15:58:41,UP06CR1765,UNKNOWN
2026-04-24 16:00:26,UP79I97512,Staff
2026-04-24 16:05:00,UP78HE3137,UNKNOWN
2026-04-24 16:05:11,UP78FP7627,UNKNOWN
2026-04-24 16:05:35,OD78HY6050,VIP
2026-04-24 16:05:50,UP78H95531,Resident
2026-04-24 16:06:30,UP08EC9470,BLACKLIST (Suspicious)
2026-04-24 16:06:47,UP78CZ4000,VIP
2026-04-24 16:08:00,OD78UV3337,Staff
2026-04-24 16:08:41,UP06CR1765,UNKNOWN
2026-04-24 16:10:00,UP79I97512,Staff
2026-04-24 16:10:10,OD25263649,BLACKLIST (Stolen)
2026-04-24 16:11:36,UP78HE3137,UNKNOWN
2026-04-24 16:11:47,UP78FP7627,UNKNOWN
2026-04-24 16:16:22,UP78HE3137,UNKNOWN
2026-04-24 16:16:35,UP78FP7627,UNKNOWN
2026-04-24 16:16:59,OD78HY6050,VIP
2026-04-24 16:17:14,UP78H95531,Resident
2026-04-24 16:18:01,UP08EC9470,BLACKLIST (Suspicious)
2026-04-24 16:18:38,UP78CZ4000,VIP
2026-04-24 16:20:09,OD78UV3337,Staff
2026-04-24 16:20:50,UP06CR1765,UNKNOWN
2026-04-24 16:26:13,UP78HE3137,UNKNOWN
2026-04-24 16:26:32,UP78FP7627,UNKNOWN
2026-04-25 11:17:26,UP78HE3137,UNKNOWN
2026-04-25 11:17:35,UP78FP7627,UNKNOWN
2026-04-25 11:18:56,OD78HY6050,VIP
2026-04-25 11:19:05,UP78H95531,Resident
2026-04-25 11:19:34,UP08EC9470,BLACKLIST (Suspicious)
2026-04-25 11:20:03,UP78CZ4000,VIP
2026-04-25 11:20:50,OD78UV3337,Staff
2026-04-25 11:21:36,UP06CR1765,UNKNOWN
2026-04-25 11:23:18,UP78HE3137,VIP
2026-04-25 11:23:27,UP78FP7627,UNKNOWN
2026-04-25 11:23:38,OD78HY6050,VIP
2026-04-25 11:23:42,UP78H95531,Resident
2026-04-25 11:23:58,UP08EC9470,BLACKLIST (Suspicious)
2026-04-25 11:24:58,UP78HE3137,VIP
2026-04-25 11:25:10,UP78FP7627,UNKNOWN
2026-04-25 11:25:34,OD78HY6050,VIP
2026-04-25 11:25:48,UP78H95531,Resident
2026-04-25 11:26:33,UP08EC9470,BLACKLIST (Suspicious)
2026-04-25 11:26:55,UP78CZ4000,VIP
2026-04-25 11:27:37,OD78UV3337,Staff
2026-04-25 11:28:27,UP06CR1765,UNKNOWN
2026-04-25 11:32:42,UP79I97512,Staff
2026-04-25 11:32:46,OD25263649,BLACKLIST (Stolen)
2026-04-25 11:32:58,UP78ES9080,VIP
2026-04-25 11:33:01,UP08Q72577,Resident
2026-04-25 11:36:08,UP78HE3137,VIP
2026-04-25 11:36:20,UP78FP7627,UNKNOWN
2026-04-25 11:36:43,OD78HY6050,VIP
2026-04-25 11:36:56,UP78H95531,Resident
2026-04-25 11:37:42,UP08EC9470,BLACKLIST (Suspicious)
2026-04-25 11:38:19,UP78CZ4000,VIP
2026-04-25 11:39:35,OD78UV3337,Staff
2026-04-25 11:40:11,UP06CR1765,UNKNOWN
2026-04-25 11:45:20,UP79I97512,Staff
2026-04-25 11:45:24,OD25263649,BLACKLIST (Stolen)
2026-04-25 11:45:36,UP78ES9080,VIP
2026-04-25 11:45:39,UP08Q72577,Resident
2026-04-25 11:47:44,UP78HE3137,VIP
2026-04-25 11:47:55,UP78FP7627,UNKNOWN
2026-04-25 11:48:33,OD78HY6050,VIP
2026-04-25 11:48:44,UP78H95531,Resident
2026-04-25 11:49:20,UP08EC9470,BLACKLIST (Suspicious)
2026-04-25 11:49:51,UP78CZ4000,VIP
2026-04-25 11:51:25,OD78UV3337,Staff
2026-04-25 11:55:12,UP78HE3137,VIP
2026-04-25 11:55:25,UP78FP7627,UNKNOWN
2026-04-25 11:55:32,OD78HY6050,VIP
2026-04-25 11:55:37,UP78H95531,Resident
2026-04-25 11:56:06,UP08EC9470,BLACKLIST (Suspicious)
2026-04-25 11:56:41,UP78CZ4000,VIP
2026-04-25 11:58:10,OD78UV3337,Staff
2026-04-25 11:59:15,UP78HE3137,VIP
2026-04-25 11:59:22,UP78FP7627,UNKNOWN
2026-04-25 11:59:29,OD78HY6050,VIP
2026-04-25 11:59:33,UP78H95531,Resident
2026-04-25 11:59:54,UP08EC9470,BLACKLIST (Suspicious)
2026-04-25 12:00:24,UP78CZ4000,VIP
2026-04-25 12:02:12,OD78UV3337,Staff
2026-04-25 12:03:03,UP06CR1765,UNKNOWN
2026-04-25 12:15:21,UP78HE3137,VIP
2026-04-25 12:15:30,UP78FP7627,UNKNOWN
2026-04-25 12:16:03,OD78HY6050,VIP
2026-04-25 12:16:17,UP78H95531,Resident
2026-04-25 12:19:40,UP78HE3137,VIP
2026-04-25 12:19:54,UP78FP7627,UNKNOWN
2026-04-25 12:20:15,OD78HY6050,VIP
2026-04-25 12:20:27,UP78H95531,Resident
2026-04-25 12:20:41,UP08EC9470,BLACKLIST (Suspicious)
2026-04-25 12:20:52,UP78CZ4000,VIP
2026-04-25 12:23:19,UP78HE3137,VIP
2026-04-25 12:23:34,UP78FP7627,UNKNOWN
2026-04-25 12:23:52,OD78HY6050,VIP
2026-04-25 12:24:05,UP78H95531,Resident
2026-04-25 12:24:40,UP08EC9470,BLACKLIST (Suspicious)
2026-04-25 12:24:51,UP78CZ4000,VIP
2026-04-25 12:28:37,UP78HE3137,VIP
2026-04-25 12:28:46,UP78FP7627,UNKNOWN
2026-04-25 12:30:50,UP78HE3137,VIP
2026-04-25 12:31:01,UP78FP7627,UNKNOWN
2026-04-25 12:31:16,OD78HY6050,VIP
2026-04-25 12:31:20,UP78H95531,Resident
2026-04-25 12:31:34,UP08EC9470,BLACKLIST (Suspicious)
2026-04-25 12:31:46,UP78CZ4000,VIP
2026-04-25 12:32:10,UP78HE3137,VIP
2026-04-25 12:32:29,UP78HE3137,VIP
2026-04-25 12:32:48,UP78FP7627,UNKNOWN
2026-04-25 12:32:59,OD78HY6050,VIP
2026-04-25 12:33:03,UP78H95531,Resident
2026-04-25 12:33:35,UP08EC9470,BLACKLIST (Suspicious)
2026-04-25 12:34:14,UP78CZ4000,VIP
2026-04-25 12:39:40,OD78UV3337,Staff
2026-04-25 12:40:22,UP06CR1765,UNKNOWN
2026-04-25 12:43:24,UP78HE3137,VIP
2026-04-25 12:43:33,UP78FP7627,UNKNOWN
2026-04-25 12:43:42,OD78HY6050,VIP
2026-04-25 12:43:47,UP78H95531,Resident
2026-04-25 12:44:07,UP08EC9470,BLACKLIST (Suspicious)
2026-04-25 12:44:35,UP78CZ4000,VIP
2026-04-25 12:45:27,OD78UV3337,Staff
2026-04-25 12:45:57,UP06CR1765,UNKNOWN
2026-04-25 12:48:33,UP79I97512,Staff
2026-04-25 12:48:38,OD25263649,BLACKLIST (Stolen)
2026-04-25 12:48:54,UP78ES9080,VIP
2026-04-25 12:48:58,UP08Q72577,Resident
2026-04-25 12:49:31,UP07BQ8099,Staff
2026-04-25 12:49:33,UP7AHZ8845,BLACKLIST (Unauthorized)
2026-04-25 12:50:19,UP78HE3137,VIP
2026-04-25 12:50:30,UP78FP7627,UNKNOWN
2026-04-25 12:50:57,OD78HY6050,VIP
2026-04-25 12:51:12,UP78H95531,Resident
2026-04-25 12:52:01,UP08EC9470,BLACKLIST (Suspicious)
2026-04-25 12:52:14,UP78CZ4000,VIP
2026-04-25 12:53:02,OD78UV3337,Staff
2026-04-25 12:53:34,UP06CR1765,UNKNOWN
2026-04-25 12:54:30,UP79I97512,Staff
2026-04-25 12:54:35,OD25263649,BLACKLIST (Stolen)
2026-04-25 12:54:49,UP78ES9080,VIP
2026-04-25 12:54:53,UP08Q72577,Resident
2026-04-25 12:55:21,UP07BQ8099,Staff
2026-04-25 12:55:23,UP7AHZ8845,BLACKLIST (Unauthorized)
2026-04-25 13:09:00,UP78HE3137,VIP
2026-04-25 13:12:04,UP78HE3137,VIP
2026-04-25 13:20:46,UP78HE3137,VIP
2026-04-25 13:26:31,UP78FP7627,UNKNOWN
2026-04-25 13:26:54,OD78HY6050,VIP
2026-04-25 13:27:07,UP78H95531,Resident
2026-04-26 19:51:23,UP78HE3137,VIP
2026-04-26 19:52:01,UP78FP7627,UNKNOWN
2026-04-28 11:11:04,UP78HE3137,VIP
2026-04-28 11:11:14,UP78FP7627,UNKNOWN
2026-04-28 11:11:28,OD78HY6050,VIP
2026-04-28 11:11:34,UP78H95531,Resident
2026-04-28 11:35:01,UP78HE3137,VIP
2026-05-02 18:59:49,UP78HE3137,VIP
2026-05-02 19:00:00,UP78FP7627,UNKNOWN
2026-05-02 19:00:22,OD78HY6050,VIP
2026-05-05 15:25:55,UP78HE3137,VIP
2026-05-05 15:26:06,UP78FP7627,UNKNOWN
2026-05-05 15:26:28,OD78HY6050,VIP
2026-05-05 15:26:41,UP78H95531,Resident
2026-05-05 15:40:14,UP08EC9470,BLACKLIST (Suspicious)
2026-05-05 15:40:54,UP78CZ4000,UNKNOWN
2026-05-05 15:43:40,UP78HE3137,VIP
2026-05-05 15:43:53,UP78FP7627,UNKNOWN
2026-05-05 15:44:05,OD78HY6050,VIP
2026-05-05 15:44:12,UP78H95531,VIP
2026-05-05 15:44:41,UP08EC9470,BLACKLIST (Suspicious)
2026-05-05 15:45:14,UP78CZ4000,UNKNOWN
2026-05-05 15:49:43,UP78HE3137,VIP
2026-05-05 15:49:58,UP78FP7627,UNKNOWN
2026-05-05 15:50:14,OD78HY6050,VIP
2026-05-05 15:50:21,UP78H95531,VIP
2026-05-05 15:51:02,UP08EC9470,BLACKLIST (Suspicious)
2026-05-05 15:51:35,UP78CZ4000,UNKNOWN
2026-05-05 15:52:46,OD78UV3337,Staff
2026-05-05 15:53:41,UP06CR1765,UNKNOWN
2026-05-05 15:56:34,UP78HE3137,VIP
2026-05-05 15:56:46,UP78FP7627,UNKNOWN
2026-05-05 15:57:11,OD78HY6050,VIP
2026-05-05 15:57:25,UP78H95531,VIP
2026-05-05 15:58:13,UP08EC9470,BLACKLIST (Suspicious)
2026-05-05 16:13:24,UP78HE3137,VIP
2026-05-05 16:13:37,UP78FP7627,UNKNOWN
2026-05-05 16:14:02,OD78HY6050,VIP
2026-05-05 16:14:17,UP78H95531,VIP
2026-05-05 16:15:01,UP08EC9470,BLACKLIST (Suspicious)
2026-05-05 16:15:36,UP78CZ4000,UNKNOWN
2026-05-05 16:17:34,OD78UV3337,Staff
2026-05-05 16:23:23,UP78HE3137,VIP
2026-05-05 16:23:33,UP78FP7627,UNKNOWN
2026-05-05 16:23:58,OD78HY6050,VIP
2026-05-05 16:24:11,UP78H95531,VIP
2026-05-05 16:24:52,UP08EC9470,BLACKLIST (Suspicious)
2026-05-05 16:25:30,UP78CZ4000,UNKNOWN
